t_s,nthreads,cpu_time_s,cores_used,max_thread_pct,thread_cores
1790407639.394,1,0.0,0,0,31:1
1790407640.395,3,0.5,45,45,30:1 33:1 39:1
1790407641.397,3,0.9,89,44,30:2 39:1
1790407642.398,3,1.0,98,9,30:1 31:1 39:1
1790407643.400,3,1.1,100,10,30:1 31:1 39:1
1790407644.401,3,1.2,100,14,30:1 31:1 39:1
1790407645.403,3,1.3,100,12,30:1 31:1 39:1
1790407646.404,3,1.4,100,11,30:1 31:1 39:1
1790407647.406,3,1.5,100,8,30:1 31:1 39:1
1790407648.407,3,1.6,100,7,30:1 31:1 39:1
1790407649.409,3,1.7,100,11,30:1 31:1 39:1
1790407650.410,3,1.8,100,11,30:1 31:1 39:1
1790407651.412,3,1.9,100,10,30:1 31:1 39:1
1790407652.413,3,2.0,100,12,30:1 31:1 39:1
1790407653.415,3,2.2,100,12,30:1 31:1 39:1
1790407654.416,3,2.2,100,9,31:1 33:1 39:1
1790407655.418,3,2.4,100,10,31:1 33:1 39:1
1790407656.419,3,2.5,100,11,30:1 31:1 39:1
1790407657.421,3,3.0,100,49,30:1 31:1 39:1
1790407658.422,3,3.6,100,67,30:1 39:1 41:1
1790407659.424,18,4.2,100,54,0:1 1:1 12:1 3:1 30:2 31:1 32:1 33:1 34:1 37:1 38:2 39:2 4:1 5:1 7:1
1790407660.425,18,6.3,100,14,0:1 12:1 3:1 30:2 31:1 32:1 33:2 34:1 36:1 37:1 38:1 39:2 4:1 41:1 5:1
1790407661.427,18,8.6,100,15,0:1 12:1 3:1 30:1 31:2 33:1 34:2 35:1 36:1 37:1 39:2 4:1 40:1 41:1 5:1
1790407662.428,18,10.7,100,14,0:1 12:1 3:1 30:1 31:1 32:2 33:1 34:1 35:1 36:1 37:1 38:1 39:2 40:1 41:1 5:1
1790407663.430,18,12.9,100,16,0:1 12:1 3:1 30:2 31:1 32:1 33:1 34:1 35:1 36:1 37:1 38:2 39:2 41:1 5:1
1790407664.431,18,15.1,100,16,0:1 1:1 3:1 30:2 31:2 32:1 33:1 34:1 35:1 36:1 38:2 39:1 41:2 5:1
1790407665.433,18,17.2,100,14,1:2 3:1 30:1 31:1 32:1 33:1 34:1 35:1 36:1 37:1 38:1 39:2 4:1 41:2 5:1
1790407666.434,18,19.3,100,15,0:1 1:1 3:1 30:1 31:1 32:1 33:1 34:1 35:1 37:2 38:1 39:2 40:1 41:2 5:1
1790407667.436,18,21.4,100,14,0:1 1:1 30:1 31:3 32:1 33:1 34:1 35:1 36:1 37:1 38:1 39:2 40:1 41:1 5:1
1790407668.437,18,23.6,100,15,0:2 1:1 2:1 30:1 31:2 32:1 33:1 34:1 35:1 37:1 38:1 39:2 40:1 41:1 5:1
1790407669.439,18,25.8,100,15,0:1 1:1 2:1 30:1 31:1 32:1 33:2 34:1 35:2 37:1 38:1 39:2 40:1 41:1 5:1
1790407670.440,18,28.1,100,15,0:1 1:1 10:1 2:1 30:1 31:1 33:1 34:1 35:2 37:2 38:1 39:1 4:1 41:2 5:1
1790407671.442,18,30.3,100,15,0:1 1:1 10:1 2:1 30:2 31:1 34:1 35:1 37:1 38:2 39:2 40:1 41:2 5:1
1790407672.443,18,32.5,100,16,0:1 1:1 2:1 30:2 31:1 32:1 34:1 35:1 37:1 38:1 39:2 4:1 40:2 41:1 5:1
1790407673.445,18,34.9,100,16,0:2 1:1 2:1 30:1 31:1 32:1 33:1 34:1 35:1 36:1 38:1 39:2 4:1 40:1 41:1 5:1
1790407674.446,18,37.8,100,19,0:1 1:1 2:1 3:1 30:1 31:1 32:1 34:1 35:1 36:1 37:1 38:2 39:1 4:1 40:1 41:1 5:1
1790407675.448,18,40.4,100,18,0:1 2:1 29:1 3:1 30:1 31:1 32:1 33:1 34:1 35:1 36:1 37:1 38:1 39:1 4:1 40:1 41:1 5:1
1790407676.449,18,43.2,100,19,0:1 2:1 29:1 30:1 31:1 32:1 33:1 34:1 35:1 36:1 37:1 38:1 39:1 4:1 40:1 41:1 5:1 6:1
1790407677.451,18,45.9,100,18,0:1 1:1 2:1 29:1 3:1 30:1 31:1 32:1 33:1 34:1 35:1 37:1 38:1 39:1 4:1 40:1 41:1 6:1
1790407678.452,18,48.8,100,20,0:1 1:1 2:1 29:1 3:1 30:1 31:1 34:1 35:1 36:2 37:1 38:1 39:1 40:1 41:2 5:1
1790407679.454,18,51.3,100,18,0:1 1:1 2:1 29:1 30:1 31:1 32:1 34:1 35:1 37:1 38:2 39:1 4:1 40:1 41:2 5:1
1790407680.455,18,53.9,100,18,0:1 1:1 2:1 29:1 3:1 30:1 31:1 32:1 33:1 35:1 36:1 37:1 38:1 39:2 4:1 41:1 5:1
1790407681.457,18,56.5,100,18,0:1 1:1 2:1 29:1 3:1 30:1 32:1 33:1 34:1 35:1 36:1 37:1 38:1 39:2 4:1 41:1 5:1
1790407682.458,18,59.3,100,19,0:1 1:1 2:2 29:1 3:1 30:1 32:1 33:1 34:1 35:1 36:1 37:1 38:1 39:1 4:1 41:1 5:1
1790407683.460,3,8.1,100,59,32:1 37:1 39:1
1790407684.461,3,9.1,100,100,32:1 37:1 39:1
1790407685.463,3,10.1,100,100,32:1 37:1 39:1
1790407686.464,3,11.1,100,100,37:1 39:1 4:1
1790407687.466,3,12.1,100,100,37:1 39:1 4:1
1790407688.480,3,13.0,100,87,2:1 37:1 39:1
1790407689.481,3,14.0,100,100,2:1 37:1 39:1
1790407690.483,3,15.0,100,100,2:1 37:1 39:1
1790407691.484,3,16.0,100,100,2:1 37:1 39:1
1790407692.486,3,17.0,100,100,2:1 37:1 39:1
1790407693.487,3,18.0,100,100,2:1 37:1 39:1
1790407694.489,3,19.0,100,100,2:1 37:1 39:1
1790407695.490,3,20.0,100,100,2:1 37:1 39:1
1790407696.492,3,21.0,100,101,2:1 37:1 39:1
1790407697.496,3,22.0,100,100,2:1 37:1 39:1
1790407698.497,3,23.0,100,100,2:1 37:1 39:1
1790407699.499,3,24.0,100,100,2:1 37:1 39:1
1790407700.500,3,25.0,100,100,30:1 39:1 40:1
1790407701.502,3,26.0,100,100,30:1 37:1 39:1
1790407702.504,3,27.0,100,100,2:1 37:1 39:1
1790407703.505,8,27.8,100,79,0:1 1:1 11:1 13:1 2:1 3:1 37:1 39:1
1790407704.506,8,29.6,100,32,11:1 2:1 30:1 31:1 34:1 37:1 38:1 39:1
1790407705.508,8,31.2,100,28,11:1 30:1 31:1 32:1 35:1 37:1 38:1 39:1
1790407706.510,8,32.9,100,28,0:1 30:1 31:1 35:1 37:1 38:1 39:1 41:1
1790407707.511,8,34.5,100,29,30:1 31:1 34:1 35:1 37:1 38:1 39:1 41:1
1790407708.513,8,36.2,100,29,2:1 32:1 34:1 35:1 36:1 37:1 39:2
1790407709.514,8,37.8,100,29,0:1 2:1 30:1 36:1 37:1 39:2 41:1
1790407710.516,8,39.5,100,28,0:1 2:1 30:1 31:1 37:1 38:1 39:1 41:1
1790407711.517,8,41.1,100,28,0:1 3:1 31:1 35:1 37:1 38:1 39:1 41:1
1790407712.519,8,42.7,100,27,3:1 30:1 31:1 32:1 37:1 38:1 39:1 41:1
1790407713.520,8,44.1,100,25,1:1 3:1 30:1 31:1 35:1 37:1 39:1 41:1
1790407714.522,8,45.7,100,27,0:1 3:1 30:1 31:1 37:1 38:1 39:1 4:1
1790407715.523,8,47.2,100,26,0:1 30:1 31:1 34:1 37:1 38:1 39:1 41:1
1790407716.525,8,48.7,100,26,1:1 30:1 31:1 34:1 35:1 37:1 39:1 41:1
1790407717.526,8,50.0,100,23,0:1 1:1 3:1 30:1 35:1 37:1 39:1 41:1
1790407718.528,8,51.4,100,24,1:1 28:1 3:1 31:1 34:1 35:1 37:1 39:1
1790407719.529,8,53.0,100,31,1:1 28:1 30:1 31:1 36:1 37:1 39:1 41:1
1790407720.531,8,54.6,100,26,28:1 30:1 32:1 34:1 37:1 38:1 39:1 41:1
1790407721.532,8,56.0,100,24,0:1 29:1 30:1 34:1 37:1 38:1 39:1 41:1
1790407722.534,8,57.4,100,25,29:1 30:1 31:1 34:1 37:1 38:1 39:1 41:1
1790407723.535,8,58.9,100,26,1:1 30:1 31:1 34:1 37:1 38:1 39:1 41:1
1790407724.537,8,60.4,100,25,0:1 2:1 30:1 31:1 32:1 37:1 38:1 39:1
1790407725.538,8,61.8,100,26,2:1 30:1 32:1 34:1 37:1 38:1 39:1 41:1
1790407726.540,8,63.2,100,24,30:1 31:1 32:1 34:1 35:1 37:1 38:1 39:1
1790407727.541,8,64.8,100,26,30:1 31:1 32:1 35:1 37:1 38:1 39:1 41:1
1790407728.543,8,66.2,100,25,30:1 31:1 32:1 34:1 35:1 37:1 39:1 41:1
1790407729.545,8,67.6,100,26,0:1 30:1 31:1 34:1 35:1 37:1 39:1 41:1
1790407730.546,8,69.1,100,24,0:1 10:1 13:1 30:1 34:1 37:1 39:1 41:1
1790407731.547,8,70.5,100,27,10:1 13:1 3:1 30:1 34:1 37:1 39:1 41:1
1790407732.549,8,72.0,100,25,10:1 13:1 3:1 30:1 34:1 37:1 39:1 41:1
1790407733.550,8,73.5,100,26,13:1 3:1 30:1 31:1 37:1 38:1 39:1 41:1
1790407734.552,8,74.9,100,25,30:1 31:1 32:1 34:1 37:1 38:1 39:1 41:1
1790407735.553,8,76.2,100,23,30:1 31:1 32:1 34:1 37:1 38:1 39:1 41:1
1790407736.555,7,69.3,100,25,0:1 30:1 31:1 32:1 37:1 39:1 41:1
1790407737.556,6,62.1,100,29,0:1 32:1 34:1 37:1 39:1 41:1
1790407738.558,4,45.5,100,46,32:1 37:1 39:1 41:1
1790407739.559,3,36.7,100,19,32:1 37:1 39:1
1790407740.561,3,36.9,100,22,32:1 37:1 39:1
1790407741.562,3,37.0,100,10,32:1 37:1 39:1
1790407742.564,3,37.2,100,16,32:1 37:1 39:1
1790407743.565,3,37.3,100,13,32:1 37:1 39:1
1790407744.567,3,37.5,100,14,32:1 37:1 39:1
1790407745.568,3,37.6,100,16,32:1 37:1 39:1
1790407746.570,27,50.0,100,57,1:1 10:1 11:1 12:1 13:1 14:1 15:1 16:1 17:1 18:1 19:1 2:1 20:1 21:1 22:1 23:1 24:1 3:1 32:1 37:1 39:1 4:1 5:1 6:1 7:1 8:1 9:1
1790407747.571,27,75.0,100,100,1:1 10:1 11:1 12:1 13:1 14:1 15:1 16:1 17:1 18:1 19:1 2:1 20:1 21:1 22:1 23:1 24:1 3:1 32:1 37:1 39:1 4:1 5:1 6:1 7:1 8:1 9:1
1790407748.572,27,100.0,100,100,0:1 1:1 10:1 11:1 12:1 13:1 14:1 15:1 16:1 17:1 18:1 19:1 2:1 20:1 21:1 22:1 23:1 24:1 3:1 37:1 39:1 4:1 5:1 6:1 7:1 8:1 9:1
1790407749.574,28,124.9,100,101,0:2 1:1 10:1 11:1 12:1 13:1 14:1 15:1 16:1 17:1 18:1 19:1 2:1 20:1 21:1 22:1 23:1 24:1 3:1 39:1 4:1 40:1 5:1 6:1 7:1 8:1 9:1
1790407750.575,28,150.0,100,101,0:2 1:1 10:1 11:1 12:1 13:1 14:1 15:1 16:1 17:1 18:1 19:1 2:1 20:1 21:1 22:1 23:1 24:1 3:1 39:1 4:1 40:1 5:1 6:1 7:1 8:1 9:1
1790407751.576,28,175.0,100,101,0:2 1:1 10:1 11:1 12:1 13:1 14:1 15:1 16:1 17:1 18:1 19:1 2:1 20:1 21:1 22:1 23:1 24:1 3:1 39:1 4:1 40:1 5:1 6:1 7:1 8:1 9:1
1790407752.578,28,200.1,100,101,0:2 1:1 10:1 11:1 12:1 13:1 14:1 15:1 16:1 17:1 18:1 19:1 2:1 20:1 21:1 22:1 23:1 24:1 3:1 39:1 4:1 40:1 5:1 6:1 7:1 8:1 9:1
1790407753.579,28,225.2,100,101,0:2 1:1 10:1 11:1 12:1 13:1 14:1 15:1 16:1 17:1 18:1 19:1 2:1 20:1 21:1 22:1 23:1 24:1 3:1 39:1 4:1 40:1 5:1 6:1 7:1 8:1 9:1
1790407754.580,28,250.2,100,101,0:2 1:1 10:1 11:1 12:1 13:1 14:1 15:1 16:1 17:1 18:1 19:1 2:1 20:1 21:1 22:1 23:1 24:1 3:1 39:1 4:1 40:1 5:1 6:1 7:1 8:1 9:1
1790407755.582,4,47.3,100,100,0:2 39:1 40:1
1790407756.583,4,48.3,100,100,0:2 39:1 40:1
1790407757.585,4,49.3,100,100,0:2 39:1 40:1
1790407758.586,4,50.3,100,100,0:2 39:1 40:1
1790407759.588,4,51.3,100,101,0:2 39:1 40:1
