t_s,mem_mib,gpu_util,mem_util,power_w,sm_mhz
1790560605.961,4,0,0,28,135
1790560606.142,4,0,0,28,135
1790560606.242,4,0,0,28,135
1790560606.342,4,0,0,28,135
1790560606.442,4,0,0,28,135
1790560606.596,4,0,0,28,135
1790560606.697,4,0,0,28,135
1790560606.797,4,0,0,28,135
1790560606.897,4,0,0,28,135
1790560606.997,4,0,0,28,135
1790560607.097,4,0,0,29,135
1790560607.197,4,0,0,28,135
1790560607.298,4,0,0,28,135
1790560607.398,4,0,0,28,135
1790560607.498,4,0,0,28,135
1790560607.598,4,0,0,28,135
1790560607.698,4,0,0,28,135
1790560607.798,4,0,0,28,135
1790560607.899,4,0,0,28,135
1790560607.999,4,0,0,28,135
1790560608.099,4,0,0,28,135
1790560608.199,4,0,0,28,135
1790560608.299,4,0,0,28,135
1790560608.399,4,0,0,28,135
1790560608.499,4,0,0,28,135
1790560608.600,4,0,0,28,135
1790560608.700,4,0,0,28,135
1790560608.800,4,0,0,28,135
1790560608.900,4,0,0,28,135
1790560609.000,4,0,0,28,135
1790560609.100,4,0,0,28,135
1790560609.201,4,0,0,28,135
1790560609.301,4,0,0,28,135
1790560609.401,4,0,0,28,135
1790560609.501,4,0,0,28,135
1790560609.601,4,0,0,28,135
1790560609.701,4,0,0,28,135
1790560609.801,4,0,0,28,135
1790560609.902,4,0,0,28,135
1790560610.002,4,0,0,28,135
1790560610.252,16,0,0,28,135
1790560610.352,28,0,0,41,1230
1790560610.452,312,2,0,41,1230
1790560610.552,312,0,0,41,1230
1790560610.653,312,0,0,41,1230
1790560610.753,312,0,0,41,1230
1790560610.853,312,0,0,41,1230
1790560610.953,1780,0,0,41,1230
1790560611.053,1780,0,0,41,1230
1790560611.153,1780,0,0,41,1230
1790560611.253,1780,1,0,41,1230
1790560611.353,1780,1,0,41,1230
1790560611.453,1780,1,0,41,1230
1790560611.553,1780,1,0,41,1230
1790560611.653,1780,1,0,41,1230
1790560611.754,1780,1,0,41,1230
1790560611.854,1780,1,0,41,1230
1790560611.954,1780,1,0,41,1230
1790560612.054,1780,1,0,41,1230
1790560612.154,1780,1,0,41,1230
1790560612.254,1780,1,0,41,1230
1790560612.354,1780,1,0,41,1230
1790560612.454,1780,1,0,41,1230
1790560612.554,1780,1,0,41,1230
1790560612.654,1780,1,0,41,1230
1790560612.754,1780,0,0,41,1230
1790560612.855,1780,0,0,41,1230
1790560612.955,1780,1,0,41,1230
1790560613.055,1780,1,0,41,1230
1790560613.155,1780,1,0,41,1230
1790560613.255,1780,1,0,41,1230
1790560613.355,1780,1,0,41,1230
1790560613.455,1780,1,0,41,1230
1790560613.555,1780,1,0,41,1230
1790560613.655,1780,1,0,41,1230
1790560613.755,1780,1,0,41,1230
1790560613.855,1780,1,0,41,1230
1790560613.956,1780,1,0,41,1230
1790560614.056,1780,1,0,41,1230
1790560614.156,1780,1,0,41,1230
1790560614.256,1780,1,0,41,1230
1790560614.356,1780,1,0,41,1230
1790560614.456,1780,1,0,41,1230
1790560614.556,1780,1,0,41,1230
1790560614.656,1780,1,0,41,1230
1790560614.756,1780,1,0,41,1230
1790560614.856,1780,1,0,41,1230
1790560614.957,1780,1,0,41,1230
1790560615.057,1780,1,0,41,1230
1790560615.157,1780,1,0,41,1230
1790560615.257,1780,1,0,41,1230
1790560615.357,1780,1,0,41,1230
1790560615.457,1780,1,0,41,1230
1790560615.557,1780,1,0,41,1230
1790560615.657,1780,1,0,41,1230
1790560615.757,1780,1,0,41,1230
1790560615.857,1780,1,0,41,1230
1790560615.958,1780,1,0,41,1230
1790560616.058,1780,1,0,41,1230
1790560616.158,1780,1,0,42,1230
1790560616.258,1780,1,0,41,1230
1790560616.358,1780,1,0,41,1230
1790560616.458,1780,1,0,41,1230
1790560616.558,1780,1,0,41,1230
1790560616.658,1780,1,0,41,1230
1790560616.758,1780,1,0,41,1230
1790560616.858,1780,1,0,41,1230
1790560616.959,1780,1,0,41,1230
1790560617.059,1780,1,0,41,1230
1790560617.159,1780,1,0,41,1230
1790560617.259,1780,1,0,41,1230
1790560617.359,1780,1,0,41,1230
1790560617.459,1780,0,0,41,1230
1790560617.559,1780,0,0,41,1230
1790560617.659,1780,1,0,41,1230
1790560617.759,1780,1,0,41,1230
1790560617.859,1780,1,0,41,1230
1790560617.959,1780,1,0,41,1230
1790560618.060,1780,1,0,41,1230
1790560618.160,1780,1,0,41,1230
1790560618.260,1780,1,0,41,1230
1790560618.360,1780,0,0,41,1230
1790560618.460,1780,0,0,41,1230
1790560618.560,1780,1,0,41,1230
1790560618.660,1780,0,0,41,1230
1790560618.760,1780,0,0,41,1230
1790560618.860,1780,1,0,41,1230
1790560618.960,1780,1,0,41,1230
1790560619.060,1780,0,0,41,1230
1790560619.161,1780,1,0,41,1230
1790560619.261,1780,1,0,41,1230
1790560619.361,1780,1,0,41,1230
1790560619.461,1780,1,0,41,1230
1790560619.561,1780,1,0,41,1230
1790560619.661,1780,1,0,41,1230
1790560619.761,1780,1,0,41,1230
1790560619.861,1780,1,0,41,1230
1790560619.961,1780,1,0,41,1230
1790560620.061,1780,1,0,41,1230
1790560620.162,1780,1,0,41,1230
1790560620.262,1780,1,0,41,1230
1790560620.362,1780,1,0,41,1230
1790560620.462,1780,1,0,41,1230
1790560620.562,1780,1,0,41,1230
1790560620.662,1780,1,0,41,1230
1790560620.762,1780,1,0,41,1230
1790560620.862,1780,1,0,41,1230
1790560620.962,1780,1,0,41,1230
1790560621.062,1780,1,0,41,1230
1790560621.162,1780,1,0,41,1230
1790560621.263,1780,1,0,41,1230
1790560621.363,1780,1,0,41,1230
1790560621.463,1780,1,0,41,1230
1790560621.563,1780,1,0,41,1230
1790560621.663,1780,1,0,41,1230
1790560621.763,1780,1,0,41,1230
1790560621.863,1780,1,0,41,1230
1790560621.963,1780,1,0,41,1230
1790560622.063,1780,1,0,41,1230
1790560622.163,1780,1,0,41,1230
1790560622.264,1780,1,0,41,1230
1790560622.364,1780,1,0,41,1230
1790560622.464,1780,0,0,41,1230
1790560622.564,1780,1,0,41,1230
1790560622.664,1780,1,0,41,1230
1790560622.764,1780,1,0,41,1230
1790560622.864,1780,1,0,41,1230
1790560622.964,1780,0,0,41,1230
1790560623.064,1780,0,0,41,1230
1790560623.164,1780,0,0,41,1230
1790560623.264,1780,1,0,41,1230
1790560623.365,1780,1,0,41,1230
1790560623.465,1780,0,0,41,1230
1790560623.565,1780,0,0,41,1230
1790560623.665,1780,1,0,41,1230
1790560623.765,1780,0,0,41,1230
1790560623.865,1780,0,0,41,1230
1790560623.965,1780,1,0,41,1230
1790560624.065,1780,1,0,41,1230
1790560624.165,1780,0,0,41,1230
1790560624.265,1780,1,0,41,1230
1790560624.366,1780,1,0,41,1230
1790560624.466,1780,0,0,41,1230
1790560624.566,1780,0,0,41,1230
1790560624.666,1780,0,0,41,1230
1790560624.766,1780,1,0,41,1230
1790560624.866,1780,1,0,41,1230
1790560624.966,1780,1,0,41,1230
1790560625.066,1780,1,0,41,1230
1790560625.166,1780,1,0,41,1230
1790560625.266,1780,1,0,41,1230
1790560625.367,1780,1,0,41,1230
1790560625.467,1780,1,0,41,1230
1790560625.567,1780,1,0,41,1230
1790560625.667,1780,1,0,41,1230
1790560625.767,1780,1,0,41,1230
1790560625.867,1780,1,0,41,1230
1790560625.967,1780,1,0,41,1230
1790560626.067,1780,1,0,41,1230
1790560626.167,1780,1,0,41,1230
1790560626.267,1780,1,0,41,1230
1790560626.367,1780,1,0,41,1230
1790560626.468,1780,1,0,41,1230
1790560626.568,1788,1,0,41,1230
1790560626.668,1852,1,0,42,1230
1790560626.768,1952,1,0,42,1230
1790560626.868,2068,8,0,42,1230
1790560626.968,2134,9,0,41,1230
1790560627.068,2196,9,0,42,1230
1790560627.168,2298,6,0,42,1230
1790560627.268,2418,6,0,42,1230
1790560627.368,2546,10,0,42,1230
1790560627.469,2612,10,0,41,1230
1790560627.569,2710,10,0,42,1230
1790560627.669,2834,8,0,42,1230
1790560627.769,2970,8,0,42,1230
1790560627.869,3106,11,0,42,1230
1790560627.969,3180,11,0,41,1230
1790560628.069,3280,11,0,42,1230
1790560628.169,3410,9,0,42,1230
1790560628.269,3540,9,0,42,1230
1790560628.369,3676,11,0,42,1230
1790560628.470,3746,11,0,41,1230
1790560628.570,4078,11,0,41,1230
1790560628.670,4078,1,0,41,1230
1790560628.770,4078,1,0,41,1230
1790560628.870,4078,0,0,41,1230
1790560628.970,4078,0,0,41,1230
1790560629.070,4078,0,0,41,1230
1790560629.170,4078,0,0,41,1230
1790560629.270,4078,0,0,41,1230
1790560629.371,4078,0,0,41,1230
1790560629.471,4078,0,0,41,1230
1790560629.571,4078,0,0,41,1230
1790560629.671,4078,0,0,41,1230
1790560629.771,4078,0,0,41,1230
1790560629.871,4078,0,0,41,1230
1790560629.971,4078,0,0,41,1230
1790560630.071,4078,0,0,41,1230
1790560630.171,4078,0,0,41,1230
1790560630.272,4078,0,0,41,1230
1790560630.372,4078,0,0,41,1230
1790560630.472,4078,0,0,41,1230
1790560630.572,4078,0,0,41,1230
1790560630.672,4078,0,0,41,1230
1790560630.772,4078,0,0,41,1230
1790560630.872,4078,0,0,41,1230
1790560630.972,4078,0,0,41,1230
1790560631.072,4078,0,0,41,1230
1790560631.172,4078,0,0,41,1230
1790560631.272,4078,0,0,41,1230
1790560631.373,4078,0,0,41,1230
1790560631.473,4078,0,0,41,1230
1790560631.573,4078,0,0,41,1230
1790560631.673,4078,0,0,41,1230
1790560631.773,4078,0,0,41,1230
1790560631.873,4078,0,0,41,1230
1790560631.973,4078,0,0,41,1230
1790560632.073,4078,0,0,41,1230
1790560632.173,4078,0,0,41,1230
1790560632.273,4078,0,0,41,1230
1790560632.374,4078,0,0,41,1230
1790560632.474,4078,0,0,41,1230
1790560632.574,4078,0,0,41,1230
1790560632.674,4078,0,0,41,1230
1790560632.774,4078,0,0,41,1230
1790560632.874,4078,0,0,41,1230
1790560632.974,4078,0,0,41,1230
1790560633.074,4078,0,0,41,1230
1790560633.174,4078,0,0,41,1230
1790560633.274,4078,0,0,41,1230
1790560633.375,4078,0,0,41,1230
1790560633.475,4078,0,0,41,1230
1790560633.575,4078,0,0,41,1230
1790560633.675,4078,0,0,41,1230
1790560633.775,4078,0,0,41,1230
1790560633.875,4078,0,0,41,1230
1790560633.975,4078,0,0,41,1230
1790560634.075,4078,0,0,41,1230
1790560634.175,4078,0,0,41,1230
1790560634.276,4078,0,0,41,1230
1790560634.376,4078,0,0,41,1230
1790560634.476,4078,0,0,41,1230
1790560634.576,4078,0,0,41,1230
1790560634.676,4078,0,0,41,1230
1790560634.776,4078,0,0,41,1230
1790560634.876,4078,0,0,41,1230
1790560634.976,4078,0,0,41,1230
1790560635.076,4078,0,0,41,1230
1790560635.176,4078,0,0,41,1230
1790560635.277,4078,0,0,41,1230
1790560635.377,4078,0,0,41,1230
1790560635.477,4078,0,0,41,1230
1790560635.577,4078,0,0,41,1230
1790560635.677,4078,0,0,41,1230
1790560635.777,4078,0,0,41,1230
1790560635.877,4078,0,0,41,1230
1790560635.977,4078,0,0,41,1230
1790560636.077,4078,0,0,41,1230
1790560636.177,4078,0,0,41,1230
1790560636.278,4078,0,0,41,1230
1790560636.378,4078,0,0,41,1230
1790560636.478,4078,0,0,41,1230
1790560636.578,4078,0,0,41,1230
1790560636.678,4078,0,0,41,1230
1790560636.778,4078,0,0,41,1230
1790560636.878,4078,0,0,41,1230
1790560636.978,4078,0,0,41,1230
1790560637.078,4078,0,0,41,1230
1790560637.178,4078,0,0,41,1230
1790560637.278,4078,0,0,41,1230
1790560637.379,4078,0,0,41,1230
1790560637.479,4078,0,0,41,1230
1790560637.579,4078,0,0,41,1230
1790560637.679,4078,0,0,41,1230
1790560637.779,4078,0,0,41,1230
1790560637.879,4078,0,0,41,1230
1790560637.979,4078,0,0,41,1230
1790560638.079,4078,0,0,41,1230
1790560638.179,4078,0,0,41,1230
1790560638.280,4078,0,0,41,1230
1790560638.380,4078,0,0,41,1230
1790560638.480,4078,0,0,41,1230
1790560638.580,4078,0,0,41,1230
1790560638.680,4078,0,0,41,1230
1790560638.780,4078,0,0,41,1230
1790560638.880,4078,0,0,41,1230
1790560638.980,4078,0,0,41,1230
1790560639.080,4078,0,0,41,1230
1790560639.180,4078,0,0,41,1230
1790560639.281,4078,0,0,41,1230
1790560639.381,4078,0,0,41,1230
1790560639.481,4078,0,0,41,1230
1790560639.581,4078,0,0,41,1230
1790560639.681,4078,0,0,41,1230
1790560639.781,4078,0,0,41,1230
1790560639.881,4078,0,0,41,1230
1790560639.981,4078,0,0,41,1230
1790560640.081,4078,0,0,41,1230
1790560640.181,4078,0,0,41,1230
1790560640.282,4078,0,0,41,1230
1790560640.382,4078,0,0,41,1230
1790560640.482,4078,0,0,41,1230
1790560640.582,4078,0,0,41,1230
1790560640.682,4078,0,0,41,1230
1790560640.782,4078,0,0,41,1230
1790560640.882,4078,0,0,41,1230
1790560640.982,4078,0,0,41,1230
1790560641.082,4078,0,0,41,1230
1790560641.182,4078,0,0,41,1230
1790560641.282,4078,0,0,41,1230
1790560641.383,4078,0,0,41,1230
1790560641.483,4078,0,0,41,1230
1790560641.583,4078,0,0,41,1230
1790560641.683,4078,0,0,41,1230
1790560641.783,4078,0,0,41,1230
1790560641.883,4078,0,0,41,1230
1790560641.983,4078,0,0,41,1230
1790560642.083,4078,0,0,41,1230
1790560642.183,4078,0,0,41,1230
1790560642.283,4078,0,0,41,1230
1790560642.384,4078,0,0,41,1230
1790560642.484,4078,0,0,41,1230
1790560642.584,4078,0,0,41,1230
1790560642.684,4078,0,0,41,1230
1790560642.784,4078,0,0,41,1230
1790560642.884,4078,0,0,41,1230
1790560642.984,4078,0,0,41,1230
1790560643.084,4078,0,0,41,1230
1790560643.184,4078,0,0,41,1230
1790560643.284,4078,0,0,41,1230
1790560643.385,4078,0,0,41,1230
1790560643.485,4078,0,0,41,1230
1790560643.585,4078,0,0,41,1230
1790560643.685,4078,0,0,41,1230
1790560643.785,4078,0,0,41,1230
1790560643.894,4078,0,0,41,1230
1790560643.994,4078,0,0,41,1230
1790560644.094,4078,0,0,41,1230
1790560644.194,4078,0,0,41,1230
1790560644.295,4078,0,0,41,1230
1790560644.395,4078,0,0,41,1230
1790560644.495,4078,0,0,41,1230
1790560644.595,4078,0,0,41,1230
1790560644.695,4078,0,0,41,1230
1790560644.795,4078,0,0,41,1230
1790560644.895,4078,0,0,41,1230
1790560644.995,4078,0,0,41,1230
1790560645.095,4078,0,0,41,1230
1790560645.195,4078,0,0,41,1230
1790560645.295,4078,0,0,41,1230
1790560645.396,4078,0,0,41,1230
1790560645.496,4078,0,0,41,1230
1790560645.596,4078,0,0,41,1230
1790560645.696,4078,0,0,41,1230
1790560645.796,4078,0,0,41,1230
1790560645.896,4078,0,0,41,1230
1790560645.996,4078,0,0,41,1230
1790560646.096,4078,0,0,41,1230
1790560646.196,4078,0,0,41,1230
1790560646.297,4078,0,0,41,1230
1790560646.397,4078,0,0,41,1230
1790560646.497,4078,0,0,41,1230
1790560646.597,4078,0,0,41,1230
1790560646.697,4078,0,0,41,1230
1790560646.797,4078,0,0,41,1230
1790560646.897,4078,0,0,41,1230
1790560646.997,4078,0,0,41,1230
1790560647.097,4078,0,0,41,1230
1790560647.197,4078,0,0,41,1230
1790560647.298,4078,0,0,41,1230
1790560647.398,4078,0,0,41,1230
1790560647.498,4078,0,0,41,1230
1790560647.598,4078,0,0,41,1230
1790560647.698,4078,0,0,41,1230
1790560647.798,4078,0,0,41,1230
1790560647.898,4078,0,0,41,1230
1790560647.998,4078,0,0,41,1230
1790560648.110,4078,0,0,41,1230
1790560648.210,4078,0,0,41,1230
1790560648.310,4078,0,0,41,1230
1790560648.410,4078,0,0,41,1230
1790560648.510,4078,0,0,41,1230
1790560648.611,4078,0,0,41,1230
1790560648.711,4078,0,0,41,1230
1790560648.811,4078,0,0,41,1230
1790560648.911,4078,0,0,41,1230
1790560649.030,4078,0,0,41,1230
1790560649.130,4078,0,0,41,1230
1790560649.230,4078,0,0,41,1230
1790560649.330,4078,0,0,41,1230
1790560649.430,4078,0,0,41,1230
1790560649.530,4078,0,0,41,1230
1790560649.631,4078,0,0,41,1230
1790560649.731,4078,0,0,41,1230
1790560649.831,4078,0,0,41,1230
1790560649.931,4078,0,0,41,1230
1790560650.031,4078,0,0,41,1230
1790560650.131,4078,0,0,41,1230
1790560650.231,4078,0,0,41,1230
1790560650.331,4078,0,0,41,1230
1790560650.431,4078,0,0,41,1230
1790560650.531,4078,0,0,41,1230
1790560650.632,4078,0,0,41,1230
1790560650.732,4078,0,0,41,1230
1790560650.832,4078,0,0,41,1230
1790560650.932,4078,0,0,41,1230
1790560651.032,4078,0,0,41,1230
1790560651.132,4078,0,0,41,1230
1790560651.232,4078,0,0,41,1230
1790560651.332,4078,0,0,41,1230
1790560651.432,4078,0,0,41,1230
1790560651.532,4078,0,0,41,1230
1790560651.633,4078,0,0,41,1230
1790560651.733,4078,0,0,41,1230
1790560651.833,4078,0,0,41,1230
1790560651.933,4078,0,0,41,1230
1790560652.033,4078,0,0,41,1230
1790560652.133,4078,0,0,41,1230
1790560652.233,4078,0,0,41,1230
1790560652.333,4078,0,0,41,1230
1790560652.433,4078,0,0,41,1230
1790560652.533,4078,0,0,41,1230
1790560652.633,4078,0,0,41,1230
1790560652.734,4078,0,0,41,1230
1790560652.834,4078,0,0,41,1230
1790560652.934,4078,0,0,41,1230
1790560653.034,4078,0,0,41,1230
1790560653.134,4078,0,0,41,1230
1790560653.234,4078,0,0,41,1230
1790560653.334,4078,0,0,41,1230
1790560653.434,4078,0,0,41,1230
1790560653.534,4078,0,0,41,1230
1790560653.635,4078,0,0,41,1230
1790560653.735,4078,0,0,41,1230
1790560653.835,4078,0,0,41,1230
1790560653.935,4078,0,0,41,1230
1790560654.035,4078,0,0,41,1230
1790560654.135,4078,0,0,41,1230
1790560654.235,4078,0,0,41,1230
1790560654.335,4078,0,0,41,1230
1790560654.435,4078,0,0,41,1230
1790560654.536,4078,0,0,41,1230
1790560654.636,4078,0,0,41,1230
1790560654.736,4078,0,0,41,1230
1790560654.836,4078,0,0,41,1230
1790560654.936,4078,0,0,41,1230
1790560655.036,4078,0,0,41,1230
1790560655.136,4078,0,0,41,1230
1790560655.236,4078,0,0,41,1230
1790560655.336,4078,0,0,41,1230
1790560655.436,4078,0,0,41,1230
1790560655.537,4078,0,0,41,1230
1790560655.637,4078,0,0,41,1230
1790560655.737,4078,0,0,41,1230
1790560655.837,4078,0,0,41,1230
1790560655.937,4078,0,0,41,1230
1790560656.037,4078,0,0,41,1230
1790560656.137,4078,0,0,41,1230
1790560656.237,4078,0,0,41,1230
1790560656.337,4078,0,0,41,1230
1790560656.437,4078,0,0,41,1230
1790560656.538,4078,0,0,41,1230
1790560656.638,4078,0,0,41,1230
1790560656.738,4078,0,0,41,1230
1790560656.838,4078,0,0,41,1230
1790560656.938,4078,0,0,41,1230
1790560657.038,4078,0,0,41,1230
1790560657.138,4078,0,0,41,1230
1790560657.238,4078,0,0,41,1230
1790560657.338,4078,0,0,41,1230
1790560657.438,4078,0,0,41,1230
1790560657.539,4078,0,0,41,1230
1790560657.639,4078,0,0,41,1230
1790560657.739,4078,0,0,41,1230
1790560657.839,4078,0,0,41,1230
1790560657.939,4078,0,0,41,1230
1790560658.039,4078,0,0,41,1230
1790560658.139,4078,0,0,41,1230
1790560658.239,4078,0,0,41,1230
1790560658.339,4078,0,0,41,1230
1790560658.439,4078,0,0,41,1230
1790560658.540,4078,0,0,41,1230
1790560658.640,4078,0,0,41,1230
1790560658.740,4078,0,0,41,1230
1790560658.840,4078,0,0,41,1230
1790560658.940,4078,0,0,41,1230
1790560659.040,4078,0,0,41,1230
1790560659.140,4078,0,0,41,1230
1790560659.240,4078,0,0,41,1230
1790560659.340,4078,0,0,41,1230
1790560659.441,4078,0,0,41,1230
1790560659.541,4078,0,0,41,1230
1790560659.641,4078,0,0,41,1230
1790560659.741,4078,0,0,41,1230
1790560659.841,4078,0,0,41,1230
1790560659.941,4078,0,0,41,1230
1790560660.041,4078,0,0,41,1230
1790560660.141,4078,0,0,41,1230
1790560660.241,4078,0,0,41,1230
1790560660.341,4078,0,0,41,1230
1790560660.442,4078,0,0,41,1230
1790560660.542,4078,0,0,41,1230
1790560660.642,4078,0,0,41,1230
1790560660.742,4078,0,0,41,1230
1790560660.842,4078,0,0,41,1230
1790560660.942,4078,0,0,41,1230
1790560661.042,4078,0,0,41,1230
1790560661.142,4078,0,0,41,1230
1790560661.242,4078,0,0,41,1230
1790560661.343,4078,0,0,41,1230
1790560661.443,4078,0,0,41,1230
1790560661.543,4078,0,0,41,1230
1790560661.643,4078,0,0,41,1230
1790560661.743,4078,0,0,41,1230
1790560661.843,4078,0,0,41,1230
1790560661.943,4078,0,0,41,1230
1790560662.043,4078,0,0,41,1230
1790560662.143,4078,0,0,41,1230
1790560662.243,4078,0,0,41,1230
1790560662.344,4078,0,0,41,1230
1790560662.444,4078,0,0,41,1230
1790560662.544,4078,0,0,41,1230
1790560662.644,4078,0,0,41,1230
1790560662.744,4078,0,0,41,1230
1790560662.844,4078,0,0,41,1230
1790560662.944,4078,0,0,41,1230
1790560663.044,4078,0,0,41,1230
1790560663.144,4078,0,0,41,1230
1790560663.245,4078,0,0,41,1230
1790560663.345,4078,0,0,41,1230
1790560663.445,4078,0,0,41,1230
1790560663.545,4078,0,0,41,1230
1790560663.645,4078,0,0,41,1230
1790560663.745,4078,0,0,41,1230
1790560663.845,4078,0,0,41,1230
1790560663.945,4078,0,0,41,1230
1790560664.045,4078,0,0,41,1230
1790560664.145,4078,0,0,41,1230
1790560664.246,4078,0,0,41,1230
1790560664.346,4078,0,0,41,1230
1790560664.446,4078,0,0,41,1230
1790560664.546,4078,0,0,41,1230
1790560664.646,4078,0,0,41,1230
1790560664.746,4078,0,0,41,1230
1790560664.846,4078,0,0,41,1230
1790560664.946,4078,0,0,41,1230
1790560665.046,4078,0,0,41,1230
1790560665.147,4078,0,0,41,1230
1790560665.247,4078,0,0,41,1230
1790560665.347,4078,0,0,41,1230
1790560665.447,4078,0,0,41,1230
1790560665.547,4078,0,0,41,1230
1790560665.647,4078,0,0,41,1230
1790560665.747,4078,0,0,41,1230
1790560665.847,4078,0,0,41,1230
1790560665.947,4078,0,0,41,1230
1790560666.047,4078,0,0,41,1230
1790560666.147,4078,0,0,41,1230
1790560666.248,4078,0,0,41,1230
1790560666.348,4078,0,0,41,1230
1790560666.448,4078,0,0,41,1230
1790560666.548,4078,0,0,41,1230
1790560666.648,4078,0,0,41,1230
1790560666.748,4078,0,0,41,1230
1790560666.848,4078,0,0,41,1230
1790560666.948,4078,0,0,41,1230
1790560667.048,4078,0,0,41,1230
1790560667.149,4078,0,0,41,1230
1790560667.249,4078,0,0,41,1230
1790560667.349,4078,0,0,41,1230
1790560667.449,4078,0,0,41,1230
1790560667.549,4078,0,0,41,1230
1790560667.649,4078,0,0,41,1230
1790560667.749,4078,0,0,41,1230
1790560667.849,4078,0,0,41,1230
1790560667.949,4078,0,0,41,1230
1790560668.050,4078,0,0,41,1230
1790560668.150,4078,0,0,41,1230
1790560668.250,4078,0,0,41,1230
1790560668.350,4078,0,0,41,1230
1790560668.450,4078,0,0,41,1230
1790560668.550,4078,0,0,41,1230
1790560668.650,4078,0,0,41,1230
1790560668.750,4078,0,0,41,1230
1790560668.850,4078,0,0,41,1230
1790560668.950,4078,0,0,41,1230
1790560669.051,4078,0,0,41,1230
1790560669.151,4078,0,0,41,1230
1790560669.251,4078,0,0,41,1230
1790560669.351,4078,0,0,41,1230
1790560669.451,4078,0,0,41,1230
1790560669.551,4078,0,0,41,1230
1790560669.651,4078,0,0,41,1230
1790560669.751,4078,0,0,41,1230
1790560669.851,4078,0,0,41,1230
1790560669.952,4078,0,0,41,1230
1790560670.052,4078,0,0,41,1230
1790560670.152,4078,0,0,41,1230
1790560670.252,4078,0,0,41,1230
1790560670.352,4084,0,0,41,1230
1790560671.085,4148,0,0,42,1230
1790560671.185,4158,25,1,41,1230
1790560671.285,4158,18,0,41,1230
1790560671.385,4158,8,0,41,1230
1790560671.506,4158,8,0,41,1230
1790560671.606,4158,8,0,41,1230
1790560671.706,4158,0,0,41,1230
1790560671.806,4158,0,0,41,1230
1790560671.906,4158,0,0,41,1230
1790560672.006,4158,0,0,41,1230
1790560672.107,4158,0,0,41,1230
1790560672.207,4158,0,0,41,1230
1790560672.307,4158,0,0,41,1230
1790560672.407,4158,0,0,41,1230
1790560672.507,4158,0,0,41,1230
1790560672.607,4158,0,0,41,1230
1790560672.707,4158,0,0,41,1230
1790560672.807,4158,0,0,41,1230
1790560672.907,4158,0,0,41,1230
1790560673.007,4158,0,0,41,1230
1790560673.107,4158,0,0,41,1230
1790560673.208,4158,0,0,41,1230
1790560673.308,4158,0,0,41,1230
1790560673.408,4158,0,0,41,1230
1790560673.508,4158,0,0,41,1230
1790560673.608,4158,0,0,41,1230
1790560673.708,4158,0,0,41,1230
1790560673.808,4158,0,0,41,1230
1790560673.908,4158,0,0,41,1230
1790560674.008,4158,0,0,41,1230
1790560674.109,4158,0,0,41,1230
1790560674.209,4158,0,0,41,1230
1790560674.309,4158,0,0,41,1230
1790560674.409,4158,0,0,41,1230
1790560674.509,4158,0,0,41,1230
1790560674.609,4158,0,0,41,1230
1790560674.709,4158,0,0,41,1230
1790560674.809,4158,0,0,41,1230
1790560674.909,4158,0,0,41,1230
1790560675.009,4158,0,0,41,1230
1790560675.109,4158,0,0,41,1230
1790560675.210,4158,0,0,41,1230
1790560675.310,4158,0,0,41,1230
1790560675.410,4158,0,0,41,1230
1790560675.510,4158,0,0,41,1230
1790560675.610,4158,0,0,41,1230
1790560675.710,4158,0,0,41,1230
1790560675.810,4158,0,0,41,1230
1790560675.910,4158,0,0,41,1230
1790560676.010,4158,0,0,41,1230
1790560676.111,4158,0,0,41,1230
1790560676.211,4158,0,0,41,1230
1790560676.311,4158,0,0,41,1230
1790560676.411,4158,0,0,41,1230
1790560676.511,4158,0,0,41,1230
1790560676.611,4158,0,0,41,1230
1790560676.711,4158,0,0,41,1230
1790560676.811,4158,0,0,41,1230
1790560676.911,4158,0,0,41,1230
1790560677.011,4158,0,0,41,1230
1790560677.112,4158,0,0,41,1230
1790560677.212,4158,0,0,41,1230
1790560677.312,4158,0,0,41,1230
1790560677.412,4158,0,0,41,1230
1790560677.512,4158,0,0,41,1230
1790560677.612,4158,0,0,41,1230
1790560677.712,4158,0,0,41,1230
1790560677.812,4158,0,0,41,1230
1790560677.912,4158,0,0,41,1230
1790560678.012,4158,0,0,41,1230
1790560678.113,4158,0,0,41,1230
1790560678.213,4158,0,0,41,1230
1790560678.313,4158,0,0,41,1230
1790560678.413,4158,0,0,41,1230
1790560678.513,4158,0,0,41,1230
1790560678.613,4158,0,0,41,1230
1790560678.713,4158,0,0,41,1230
1790560678.813,4158,0,0,41,1230
1790560678.913,4158,0,0,41,1230
1790560679.013,4158,0,0,41,1230
1790560679.113,4158,0,0,41,1230
1790560679.214,4158,0,0,41,1230
1790560679.314,4158,0,0,41,1230
1790560679.414,4158,0,0,41,1230
1790560679.514,4158,0,0,41,1230
1790560679.614,4158,0,0,41,1230
1790560679.714,4158,0,0,41,1230
1790560679.814,4158,0,0,41,1230
1790560679.914,4158,0,0,41,1230
1790560680.014,4158,0,0,41,1230
1790560680.114,4158,0,0,41,1230
1790560680.215,4158,0,0,41,1230
1790560680.315,4158,0,0,41,1230
1790560680.415,4158,0,0,41,1230
1790560680.515,4158,0,0,41,1230
1790560680.615,4158,0,0,41,1230
1790560680.715,4158,0,0,41,1230
1790560680.815,4158,0,0,41,1230
1790560680.915,4158,0,0,41,1230
1790560681.015,4158,0,0,41,1230
1790560681.115,4158,0,0,41,1230
1790560681.216,4158,0,0,41,1230
1790560681.316,4158,0,0,41,1230
1790560681.416,4158,0,0,41,1230
1790560681.516,4158,0,0,41,1230
1790560681.616,4158,0,0,41,1230
1790560681.716,4158,0,0,41,1230
1790560681.816,4158,0,0,41,1230
1790560681.916,4158,0,0,41,1230
1790560682.016,4158,0,0,41,1230
1790560682.116,4158,0,0,41,1230
1790560682.217,4158,0,0,41,1230
1790560682.317,4158,0,0,41,1230
1790560682.417,4158,0,0,41,1230
1790560682.517,4158,0,0,41,1230
1790560682.617,4158,0,0,41,1230
1790560682.717,4158,0,0,41,1230
1790560682.817,4158,0,0,41,1230
1790560682.917,4158,0,0,41,1230
1790560683.017,4158,0,0,41,1230
1790560683.117,4158,0,0,41,1230
1790560683.217,4158,0,0,41,1230
1790560683.318,4158,0,0,41,1230
1790560683.418,4158,0,0,41,1230
1790560683.518,4158,0,0,41,1230
1790560683.618,4158,0,0,41,1230
1790560683.718,4158,0,0,41,1230
1790560683.818,4158,0,0,41,1230
1790560683.918,4158,0,0,41,1230
1790560684.018,4158,0,0,41,1230
1790560684.118,4158,0,0,41,1230
1790560684.218,4158,0,0,41,1230
1790560684.319,4158,0,0,41,1230
1790560684.419,4158,0,0,41,1230
1790560684.519,4158,0,0,41,1230
1790560684.619,4158,0,0,41,1230
1790560684.719,4158,0,0,41,1230
1790560684.819,4158,0,0,41,1230
1790560684.919,4158,0,0,41,1230
1790560685.019,4158,0,0,41,1230
1790560685.119,4158,0,0,41,1230
1790560685.219,4158,0,0,41,1230
1790560685.320,4158,0,0,41,1230
1790560685.420,4158,0,0,41,1230
1790560685.520,4158,0,0,41,1230
1790560685.620,4158,0,0,41,1230
1790560685.720,4158,0,0,41,1230
1790560685.820,4158,0,0,41,1230
1790560685.920,4158,0,0,41,1230
1790560686.020,4158,0,0,41,1230
1790560686.120,4158,0,0,41,1230
1790560686.220,4158,0,0,41,1230
1790560686.321,4158,0,0,41,1230
1790560686.421,4158,0,0,41,1230
1790560686.521,4158,0,0,41,1230
1790560686.621,4158,0,0,41,1230
1790560686.721,4158,0,0,41,1230
1790560686.821,4158,0,0,41,1230
1790560686.921,4158,0,0,41,1230
1790560687.021,4158,0,0,41,1230
1790560687.121,4158,0,0,41,1230
1790560687.221,4158,0,0,41,1230
1790560687.322,4158,0,0,41,1230
1790560687.422,4158,0,0,41,1230
1790560687.522,4158,0,0,41,1230
1790560687.622,4158,0,0,41,1230
1790560687.722,4158,0,0,41,1230
1790560687.822,4158,0,0,41,1230
1790560687.922,4158,0,0,41,1230
1790560688.022,4158,0,0,41,1230
1790560688.122,4158,0,0,41,1230
1790560688.223,4158,0,0,41,1230
1790560688.323,4158,0,0,41,1230
1790560688.423,4158,0,0,41,1230
1790560688.523,4158,0,0,41,1230
1790560688.623,4158,0,0,41,1230
1790560688.723,4158,0,0,41,1230
1790560688.823,4158,0,0,41,1230
1790560688.923,4158,0,0,41,1230
1790560689.023,4158,0,0,41,1230
1790560689.123,4158,0,0,41,1230
1790560689.223,4158,0,0,41,1230
1790560689.324,4158,0,0,41,1230
1790560689.424,4158,0,0,41,1230
1790560689.524,4158,0,0,41,1230
1790560689.624,4158,0,0,41,1230
1790560689.724,4158,0,0,41,1230
1790560689.824,4158,0,0,41,1230
1790560689.924,4158,0,0,41,1230
1790560690.024,4158,0,0,41,1230
1790560690.125,4158,0,0,41,1230
1790560690.225,4158,0,0,41,1230
1790560690.325,4158,0,0,41,1230
1790560690.425,4158,0,0,41,1230
1790560690.525,4158,0,0,41,1230
1790560690.625,4158,0,0,41,1230
1790560690.726,4158,0,0,41,1230
1790560690.826,4158,0,0,41,1230
1790560690.926,4158,0,0,41,1230
1790560691.026,4158,0,0,41,1230
1790560691.126,4158,0,0,41,1230
1790560691.226,4158,0,0,41,1230
1790560691.326,4158,0,0,41,1230
1790560691.427,4158,0,0,41,1230
1790560691.527,4158,0,0,41,1230
1790560691.627,4158,0,0,41,1230
1790560691.727,4158,0,0,41,1230
1790560691.827,4158,0,0,41,1230
1790560691.927,4158,0,0,41,1230
1790560692.028,4158,0,0,41,1230
1790560692.128,4158,0,0,41,1230
1790560692.228,4158,0,0,41,1230
1790560692.328,4158,0,0,41,1230
1790560692.428,4158,0,0,41,1230
1790560692.528,4158,0,0,41,1230
1790560692.629,4158,0,0,41,1230
1790560692.729,4158,0,0,41,1230
1790560692.829,4158,0,0,41,1230
1790560692.929,4158,0,0,41,1230
1790560693.029,4158,0,0,41,1230
1790560693.129,4158,0,0,41,1230
1790560693.230,4158,0,0,41,1230
1790560693.330,4158,0,0,41,1230
1790560693.430,4158,0,0,41,1230
1790560693.530,4158,0,0,41,1230
1790560693.630,4158,0,0,41,1230
1790560693.731,4158,0,0,41,1230
1790560693.831,4158,0,0,41,1230
1790560693.931,4158,0,0,41,1230
1790560694.031,4158,0,0,41,1230
1790560694.131,4158,0,0,41,1230
1790560694.231,4158,0,0,41,1230
1790560694.331,4158,0,0,41,1230
1790560694.432,4158,0,0,41,1230
1790560694.532,4158,0,0,41,1230
1790560694.632,4158,0,0,41,1230
1790560694.732,4158,0,0,41,1230
1790560694.832,4158,0,0,41,1230
1790560694.933,4158,0,0,41,1230
1790560695.033,4158,0,0,41,1230
1790560695.133,4158,0,0,41,1230
1790560695.233,4158,0,0,41,1230
1790560695.333,4158,0,0,41,1230
1790560695.433,4158,0,0,41,1230
1790560695.534,4158,0,0,41,1230
1790560695.634,4158,0,0,41,1230
1790560695.734,4158,0,0,41,1230
1790560695.834,4158,0,0,41,1230
1790560695.934,4158,0,0,41,1230
1790560696.034,4158,0,0,41,1230
1790560696.134,4158,0,0,41,1230
1790560696.235,4158,0,0,41,1230
1790560696.335,4158,0,0,41,1230
1790560696.435,4158,0,0,41,1230
1790560696.535,4158,0,0,41,1230
1790560696.635,4158,0,0,41,1230
1790560696.735,4158,0,0,41,1230
1790560696.836,4158,0,0,41,1230
1790560696.936,4158,0,0,41,1230
1790560697.036,4158,0,0,41,1230
1790560697.136,4158,0,0,41,1230
1790560697.236,4158,0,0,41,1230
1790560697.336,4158,0,0,41,1230
1790560697.437,4158,0,0,41,1230
1790560697.537,4158,0,0,41,1230
1790560697.637,4158,0,0,41,1230
1790560697.737,4158,0,0,41,1230
1790560697.837,4158,0,0,41,1230
1790560697.937,4158,0,0,41,1230
1790560698.038,4158,0,0,41,1230
1790560698.138,4158,0,0,41,1230
1790560698.238,4158,0,0,41,1230
1790560698.338,4158,0,0,41,1230
1790560698.438,4158,0,0,41,1230
1790560698.538,4158,0,0,41,1230
1790560698.639,4158,0,0,41,1230
1790560698.739,4158,0,0,41,1230
1790560698.839,4158,0,0,41,1230
1790560698.939,4158,0,0,41,1230
1790560699.039,4158,0,0,41,1230
1790560699.139,4158,0,0,41,1230
1790560699.239,4158,0,0,41,1230
1790560699.340,4158,0,0,41,1230
1790560699.440,4158,0,0,41,1230
1790560699.540,4158,0,0,41,1230
1790560699.640,4158,0,0,41,1230
1790560699.741,4158,0,0,41,1230
1790560699.841,4158,0,0,41,1230
1790560699.941,4158,0,0,41,1230
1790560700.041,4158,0,0,41,1230
1790560700.141,4158,0,0,41,1230
1790560700.241,4158,0,0,41,1230
1790560700.341,4158,0,0,41,1230
1790560700.441,4158,0,0,41,1230
1790560700.542,4158,0,0,41,1230
1790560700.642,4158,0,0,41,1230
1790560700.742,4158,0,0,41,1230
1790560700.842,4158,0,0,41,1230
1790560700.942,4158,0,0,41,1230
1790560701.042,4158,0,0,41,1230
1790560701.143,4158,0,0,41,1230
1790560701.243,4158,0,0,41,1230
1790560701.343,4158,0,0,41,1230
1790560701.443,4158,0,0,41,1230
1790560701.543,4158,0,0,41,1230
1790560701.643,4158,0,0,41,1230
1790560701.744,4158,0,0,41,1230
1790560701.844,4158,0,0,41,1230
1790560701.944,4158,0,0,41,1230
1790560702.044,4158,0,0,41,1230
1790560702.144,4158,0,0,41,1230
1790560702.245,4158,0,0,41,1230
1790560702.345,4158,0,0,41,1230
1790560702.445,4158,0,0,41,1230
1790560702.545,4158,0,0,41,1230
1790560702.645,4158,0,0,41,1230
1790560702.746,4158,0,0,41,1230
1790560702.846,4158,0,0,41,1230
1790560702.946,4158,0,0,41,1230
1790560703.046,4158,0,0,41,1230
1790560703.146,4158,0,0,41,1230
1790560703.246,4158,0,0,41,1230
1790560703.347,4158,0,0,41,1230
1790560703.447,4158,0,0,41,1230
1790560703.547,4158,0,0,41,1230
1790560703.647,4158,0,0,41,1230
1790560703.747,4158,0,0,41,1230
1790560703.847,4158,0,0,41,1230
1790560703.948,4158,0,0,41,1230
1790560704.048,4158,0,0,41,1230
1790560704.148,4158,0,0,41,1230
1790560704.248,4158,0,0,41,1230
1790560704.348,4158,0,0,41,1230
1790560704.448,4158,0,0,41,1230
1790560704.548,4158,0,0,41,1230
1790560704.649,4158,0,0,41,1230
1790560704.749,4158,0,0,41,1230
1790560704.849,4158,0,0,41,1230
1790560704.949,4158,0,0,41,1230
1790560705.049,4158,0,0,41,1230
1790560705.150,4158,0,0,41,1230
1790560705.250,4158,0,0,41,1230
1790560705.350,4158,0,0,41,1230
1790560705.450,4158,0,0,41,1230
1790560705.550,4158,0,0,41,1230
1790560705.650,4158,0,0,41,1230
1790560705.751,4158,0,0,41,1230
1790560705.851,4158,0,0,41,1230
1790560705.951,4158,0,0,41,1230
1790560706.051,4158,0,0,41,1230
1790560706.151,4158,0,0,41,1230
1790560706.251,4158,0,0,41,1230
1790560706.352,4158,0,0,41,1230
1790560706.452,4158,0,0,41,1230
1790560706.552,4158,0,0,41,1230
1790560706.652,4158,0,0,41,1230
1790560706.752,4158,0,0,41,1230
1790560706.852,4158,0,0,41,1230
1790560706.953,4158,0,0,41,1230
1790560707.053,4158,0,0,41,1230
1790560707.153,4158,0,0,41,1230
1790560707.253,4158,0,0,41,1230
1790560707.353,4158,0,0,41,1230
1790560707.453,4158,0,0,41,1230
1790560707.554,4158,0,0,41,1230
1790560707.654,4946,0,0,41,1230
1790560707.754,4946,7,0,41,1230
1790560707.854,4946,7,0,41,1230
1790560707.954,4946,0,0,41,1230
1790560708.054,4946,0,0,41,1230
1790560708.154,4946,0,0,41,1230
1790560708.255,4946,0,0,41,1230
1790560708.355,4946,0,0,41,1230
1790560708.455,4946,0,0,41,1230
1790560708.555,4946,0,0,41,1230
1790560708.655,4946,0,0,41,1230
1790560708.755,4946,0,0,41,1230
1790560708.856,4946,0,0,41,1230
1790560708.956,4946,4,0,41,1230
1790560709.056,4946,4,0,41,1230
1790560709.156,4946,0,0,41,1230
1790560709.256,4946,0,0,41,1230
1790560709.356,4946,0,0,41,1230
1790560709.456,4946,0,0,41,1230
1790560709.557,4946,0,0,41,1230
1790560709.657,4946,0,0,41,1230
1790560709.757,4946,0,0,41,1230
1790560709.857,4946,0,0,41,1230
1790560709.957,4946,4,0,41,1230
1790560710.057,4946,4,0,41,1230
1790560710.158,4946,0,0,41,1230
1790560710.258,4946,0,0,41,1230
1790560710.358,4946,0,0,41,1230
1790560710.458,4946,0,0,41,1230
1790560710.558,4946,0,0,41,1230
1790560710.658,4946,0,0,41,1230
1790560710.759,4946,0,0,41,1230
1790560710.859,4946,0,0,41,1230
1790560710.959,4946,0,0,42,1230
1790560711.059,4946,0,0,41,1230
1790560711.159,4946,4,0,41,1230
1790560711.259,4946,0,0,41,1230
1790560711.360,4946,0,0,41,1230
1790560711.460,4946,0,0,41,1230
1790560711.560,4946,0,0,41,1230
1790560711.660,4946,0,0,41,1230
1790560711.760,4946,0,0,41,1230
1790560711.860,4946,0,0,41,1230
1790560711.960,4946,0,0,41,1230
1790560712.061,4946,0,0,41,1230
1790560712.161,4946,4,0,41,1230
1790560712.261,4946,0,0,41,1230
1790560712.361,4946,0,0,41,1230
1790560712.461,4946,0,0,41,1230
1790560712.561,4946,0,0,41,1230
1790560712.662,4946,0,0,41,1230
1790560712.762,4946,0,0,41,1230
1790560712.862,4946,0,0,41,1230
1790560712.962,4946,0,0,41,1230
1790560713.062,4946,0,0,41,1230
1790560713.162,4946,0,0,41,1230
1790560713.263,4946,4,0,41,1230
1790560713.363,4946,4,0,41,1230
1790560713.463,4946,0,0,41,1230
1790560713.563,4946,0,0,41,1230
1790560713.663,4946,0,0,41,1230
1790560713.763,4946,0,0,41,1230
1790560713.864,4946,0,0,41,1230
1790560713.964,4946,0,0,41,1230
1790560714.064,4946,0,0,41,1230
1790560714.164,4946,0,0,41,1230
1790560714.264,4946,0,0,41,1230
1790560714.364,4946,0,0,41,1230
1790560714.464,4946,0,0,41,1230
1790560714.565,4946,0,0,41,1230
1790560714.665,4946,0,0,41,1230
1790560714.765,4946,0,0,41,1230
1790560714.865,4946,4,0,41,1230
1790560714.965,4946,0,0,41,1230
1790560715.065,4946,0,0,41,1230
1790560715.166,4946,0,0,41,1230
1790560715.266,4946,0,0,41,1230
1790560715.366,4946,0,0,41,1230
1790560715.466,4946,0,0,41,1230
1790560715.566,4946,0,0,41,1230
1790560715.666,4946,0,0,41,1230
1790560715.767,4946,0,0,41,1230
1790560715.867,4946,4,0,41,1230
1790560715.967,4946,0,0,41,1230
1790560716.067,4946,0,0,41,1230
1790560716.167,4946,0,0,41,1230
1790560716.267,4946,0,0,41,1230
1790560716.368,4946,0,0,41,1230
1790560716.468,4946,0,0,41,1230
1790560716.568,4946,0,0,41,1230
1790560716.668,4946,0,0,41,1230
1790560716.768,4946,0,0,41,1230
1790560716.868,4946,0,0,41,1230
1790560716.969,4946,4,0,41,1230
1790560717.069,4946,4,0,41,1230
1790560717.169,4946,0,0,41,1230
1790560717.269,4946,0,0,41,1230
1790560717.369,4946,0,0,41,1230
1790560717.469,4946,0,0,41,1230
1790560717.569,4946,0,0,41,1230
1790560717.670,4946,0,0,41,1230
1790560717.770,4946,0,0,41,1230
1790560717.870,4946,0,0,41,1230
1790560717.970,4946,4,0,41,1230
1790560718.070,4946,4,0,41,1230
1790560718.170,4946,0,0,41,1230
1790560718.271,4946,0,0,41,1230
1790560718.371,4946,0,0,41,1230
1790560718.471,4946,0,0,41,1230
1790560718.571,4946,0,0,41,1230
1790560718.671,4946,0,0,41,1230
1790560718.771,4946,0,0,41,1230
1790560718.872,4946,0,0,41,1230
1790560718.972,4946,0,0,41,1230
1790560719.072,4946,0,0,41,1230
1790560719.172,4946,4,0,41,1230
1790560719.272,4946,4,0,41,1230
1790560719.372,4946,0,0,41,1230
1790560719.472,4946,0,0,41,1230
1790560719.573,4946,0,0,41,1230
1790560719.673,4970,0,0,42,1230
1790560719.773,4970,0,0,41,1230
1790560719.873,18208,2,0,47,1230
1790560719.973,18208,76,16,46,1357
1790560720.074,18208,76,16,48,1357
1790560720.174,18208,96,4,49,1380
1790560720.274,18208,96,4,49,1380
1790560720.374,18208,96,4,50,1380
1790560720.474,18208,96,4,50,1380
1790560720.574,18208,96,4,50,1380
1790560720.674,18208,97,4,50,1380
1790560720.775,18208,97,4,50,1380
1790560720.875,18208,97,4,50,1380
1790560720.975,18208,97,4,50,1380
1790560721.075,18208,97,4,50,1380
1790560721.175,18208,97,4,50,1380
1790560721.275,18208,97,4,50,1380
1790560721.375,18208,97,4,49,1380
1790560721.475,18626,40,2,48,1380
1790560721.576,18626,40,2,48,1380
1790560721.676,18626,8,0,48,1380
1790560721.776,18626,8,0,48,1380
1790560721.876,18628,13,1,47,1380
1790560721.976,18628,4,0,47,1380
1790560722.077,18712,4,0,47,1380
1790560722.177,18712,0,0,47,1380
1790560722.277,18712,0,0,47,1380
1790560722.377,18712,0,0,48,1380
1790560722.477,18712,6,1,49,1380
1790560722.577,18712,6,1,47,1380
1790560722.677,18712,1,0,47,1380
1790560722.778,18712,1,0,94,1380
1790560722.878,18712,53,16,102,1380
1790560722.978,18712,100,25,94,1380
1790560723.078,18712,100,25,89,1380
1790560723.178,18712,100,23,105,1380
1790560723.278,18712,100,23,86,1380
1790560723.378,18712,100,26,91,1380
1790560723.479,18712,100,23,89,1380
1790560723.579,18712,100,23,102,1380
1790560723.679,18712,100,27,94,1380
1790560723.779,18712,100,27,60,1380
1790560723.879,18712,69,19,50,1380
1790560723.979,18712,69,19,50,1380
1790560724.080,18828,89,4,48,1380
1790560724.180,18856,78,6,87,1380
1790560724.280,18876,78,6,110,1380
1790560724.380,18902,64,11,84,1380
1790560724.480,18902,98,15,106,1380
1790560724.580,18902,98,15,95,1380
1790560724.681,18902,100,14,90,1380
1790560724.781,18902,100,14,116,1380
1790560724.881,18902,100,21,81,1380
1790560724.981,18902,100,20,113,1380
1790560725.081,18902,100,20,105,1380
1790560725.181,18902,100,21,127,1380
1790560725.281,18902,100,21,118,1380
1790560725.381,18902,100,20,128,1380
1790560725.482,18902,100,20,95,1380
1790560725.582,18902,100,20,131,1380
1790560725.682,18902,100,24,121,1380
1790560725.782,18902,100,24,128,1380
1790560725.882,18902,100,21,105,1380
1790560725.982,18902,100,21,131,1380
1790560726.082,18902,100,22,123,1380
1790560726.183,18902,100,21,127,1380
1790560726.283,18902,100,21,124,1380
1790560726.383,18902,100,22,132,1380
1790560726.483,18902,100,22,115,1380
1790560726.583,18902,100,22,120,1380
1790560726.683,18902,100,18,117,1380
1790560726.784,18902,100,18,116,1380
1790560726.884,18902,100,20,115,1380
1790560726.984,18902,100,20,124,1380
1790560727.084,18902,100,20,120,1380
1790560727.184,18902,100,21,127,1380
1790560727.284,18902,100,21,138,1380
1790560727.384,18902,100,24,134,1380
1790560727.485,18902,100,24,140,1380
1790560727.585,18902,100,25,116,1380
1790560727.685,18902,100,19,127,1380
1790560727.785,18902,100,19,142,1380
1790560727.885,18902,100,23,131,1380
1790560727.985,18902,100,23,125,1380
1790560728.085,18902,100,25,137,1380
1790560728.186,18902,100,23,133,1380
1790560728.286,18902,100,23,134,1380
1790560728.386,18902,100,23,132,1380
1790560728.486,18902,100,23,99,1380
1790560728.586,18902,100,23,90,1380
1790560728.686,18902,100,14,108,1380
1790560728.787,18902,100,14,82,1380
1790560728.887,18902,100,13,96,1380
1790560728.987,18902,100,13,102,1380
1790560729.087,18902,100,21,84,1380
1790560729.187,18902,100,25,112,1380
1790560729.287,18902,100,25,122,1380
1790560729.387,18902,100,29,107,1380
1790560729.487,2440,100,29,53,1380
1790560729.588,2412,27,3,49,1380
1790560730.160,2412,27,3,49,1380
1790560730.260,2412,0,0,49,1380
1790560730.360,2412,0,0,49,1380
1790560730.461,2412,0,0,49,1380
1790560730.561,2412,0,0,49,1380
1790560730.661,2412,0,0,49,1380
1790560730.761,2412,0,0,49,1380
1790560730.861,2412,0,0,49,1380
1790560730.961,2412,0,0,49,1380
1790560731.061,2412,0,0,49,1380
1790560731.161,2412,0,0,49,1380
1790560731.261,2412,0,0,49,1380
1790560731.361,2412,0,0,49,1380
1790560731.462,2412,0,0,49,1380
1790560731.562,2412,0,0,49,1380
1790560731.662,2412,0,0,49,1380
1790560731.762,2412,0,0,49,1380
1790560731.862,2412,0,0,49,1380
1790560731.962,2412,0,0,49,1380
1790560732.062,2412,0,0,49,1380
1790560732.162,2412,0,0,49,1380
1790560732.262,2412,0,0,49,1380
1790560732.362,2412,0,0,49,1380
1790560732.463,2412,0,0,49,1380
1790560732.563,2412,0,0,41,1230
1790560732.663,2412,0,0,41,1230
1790560732.763,2412,0,0,41,1230
1790560732.863,2412,0,0,41,1230
1790560732.963,2412,0,0,41,1230
1790560733.063,2412,0,0,41,1230
1790560733.163,2412,0,0,41,1230
1790560733.263,2412,0,0,41,1230
1790560733.363,456,24,3,44,1230
1790560733.463,456,24,3,41,1230
1790560733.564,456,14,1,41,1230
1790560733.664,456,14,1,41,1230
1790560733.764,456,0,0,41,1230
1790560733.864,456,0,0,41,1230
1790560733.964,456,0,0,41,1230
1790560734.064,456,0,0,41,1230
1790560734.164,456,0,0,41,1230
1790560734.264,456,0,0,41,1230
1790560734.364,456,0,0,41,1230
1790560734.465,456,0,0,41,1230
1790560734.565,456,0,0,41,1230
1790560734.665,456,0,0,41,1230
1790560734.765,456,0,0,41,1230
1790560734.865,456,0,0,41,1230
1790560734.965,456,0,0,41,1230
1790560735.065,456,0,0,41,1230
1790560735.165,456,0,0,41,1230
1790560735.265,456,0,0,41,1230
1790560735.366,456,0,0,41,1230
1790560735.466,456,0,0,41,1230
1790560735.566,456,0,0,41,1230
1790560735.666,456,0,0,41,1230
1790560735.766,456,0,0,41,1230
1790560735.866,456,0,0,41,1230
1790560735.966,456,0,0,41,1230
1790560736.066,456,0,0,41,1230
1790560736.166,456,0,0,41,1230
1790560736.266,456,0,0,41,1230
1790560736.367,456,0,0,41,1230
1790560736.467,456,0,0,41,1230
1790560736.567,456,0,0,41,1230
1790560736.667,456,0,0,41,1230
1790560736.767,456,0,0,41,1230
1790560736.867,456,0,0,41,1230
1790560736.967,456,0,0,41,1230
1790560737.067,456,0,0,41,1230
1790560737.167,456,0,0,41,1230
1790560737.268,456,0,0,41,1230
1790560737.368,456,0,0,41,1230
1790560737.468,456,0,0,41,1230
1790560737.568,456,0,0,41,1230
1790560737.668,4,0,0,41,1230
